{
  "Q84": [
    -0.1275,
    51.507222222
  ],
  "Q1530": [
    44.416666666,
    33.35
  ],
  "Q90": [
    2.351388888,
    48.856944444
  ],
  "Q105261": [
    22.6167,
    38.533
  ],
  "Q2079": [
    12.383333333,
    51.333333333
  ],
  "Q1419026": [
    2.058333333,
    48.980833333
  ],
  "Q22647": [
    26.238888888,
    39.9575
  ],
  "Q16869": [
    28.976018,
    41.01224
  ],
  "Q10305": [
    -0.883333333,
    41.65
  ],
  "Q48195": [
    47.81,
    30.488888888
  ],
  "Q18199480": [
    2.2527981,
    48.8522349
  ],
  "Q992311": [
    -62.62583,
    17.14028
  ],
  "Q621": [
    2.134166666,
    48.804722222
  ],
  "Q3758": [
    7.768888888,
    49.444722222
  ],
  "Q244": [
    -59.5525,
    13.17
  ],
  "Q225909": [
    12.5,
    48.633333333
  ],
  "Q2256": [
    -1.9025,
    52.48
  ],
  "Q107338": [
    12.583333333,
    35.516666666
  ],
  "Q1754": [
    18.068611111,
    59.329444444
  ],
  "Q1741": [
    16.373064,
    48.20833
  ],
  "Q13666": [
    15.554166666,
    38.193611111
  ],
  "Q656": [
    30.316666666,
    59.95
  ],
  "Q2807": [
    -3.691944444,
    40.418888888
  ],
  "Q2143048": [
    35.105336,
    31.556536
  ],
  "Q1379299": [
    27.142778,
    38.423889
  ],
  "Q727": [
    4.9,
    52.383333333
  ],
  "Q6602": [
    7.752222222,
    48.573333333
  ],
  "Q26824": [
    -8,
    38
  ],
  "Q60847808": [
    2.090555555,
    48.896388888
  ],
  "Q316891": [
    2.321944444,
    48.989722222
  ],
  "Q1126723": [
    12.4675,
    41.893611111
  ],
  "Q23482": [
    5.376388888,
    43.296666666
  ],
  "Q126668": [
    2.586666666,
    49.207222222
  ],
  "Q3947324": [
    8.760277777,
    44.888888888
  ],
  "Q64": [
    13.383333333,
    52.516666666
  ],
  "Q210769": [
    0.339444444,
    44.136111111
  ],
  "Q183150": [
    42,
    42.26666667
  ],
  "Q2749": [
    10.898333333,
    48.371666666
  ],
  "Q2090": [
    11.077777777,
    49.452777777
  ],
  "Q20127504": [
    0.79694,
    48.4447
  ],
  "Q426339": [
    14.249283,
    40.836136
  ],
  "Q1721184": [
    16.355,
    48.2747
  ],
  "Q831377": [
    -0.0306,
    51.3809
  ],
  "Q803": [
    5.115555555,
    52.088888888
  ],
  "Q17127361": [
    11.23444444,
    51.68111111
  ],
  "Q24879": [
    8.808888888,
    53.076944444
  ],
  "Q39981": [
    9.009166666,
    44.9925
  ],
  "Q625078": [
    12.871111111,
    52.097222222
  ],
  "Q661868": [
    -3.33333333,
    36.93333333
  ],
  "Q27600": [
    30.256388888,
    59.938611111
  ],
  "Q1205": [
    11,
    51
  ],
  "Q22": [
    -5,
    57
  ],
  "Q1711": [
    13.066666666,
    52.4
  ],
  "Q211647": [
    4.643333333,
    43.807222222
  ],
  "Q165401": [
    9.195278,
    47.705
  ],
  "Q1012443": [
    11.42246,
    49.58669
  ],
  "Q1345": [
    -75.163611111,
    39.952777777
  ],
  "Q36600": [
    4.31,
    52.08
  ],
  "Q134674": [
    -1.476388888,
    43.4925
  ],
  "Q214644": [
    15.583333,
    50.75
  ],
  "Q141012": [
    26.498333333,
    48.521944444
  ],
  "Q1028": [
    -6,
    32
  ],
  "Q13670": [
    15.2875,
    37.069166666
  ],
  "Q490": [
    9.19,
    45.466944444
  ],
  "Q200441": [
    36.181666666,
    36.204722222
  ],
  "Q597": [
    -9.1604,
    38.7452
  ],
  "Q210205": [
    19.1,
    47.5
  ],
  "Q1055": [
    10,
    53.55
  ],
  "Q649": [
    37.617777777,
    55.755833333
  ],
  "Q2556149": [
    16.3308,
    48.2297
  ],
  "Q256778": [
    16.3481,
    48.2108
  ],
  "Q17151": [
    22.95,
    40.633333333
  ],
  "Q6259": [
    9.155,
    45.185280555
  ],
  "Q20": [
    11,
    65
  ],
  "Q39193": [
    14.333333333,
    49.833333333
  ],
  "Q1799": [
    17.0325,
    51.11
  ],
  "Q648": [
    3.0575,
    50.631944444
  ],
  "Q234735": [
    2.240277777,
    48.8075
  ],
  "Q17": [
    136,
    35
  ],
  "Q1127771": [
    26.85,
    39.7
  ],
  "Q393": [
    14.555277777,
    53.424722222
  ],
  "Q201428": [
    2.700555555,
    48.402222222
  ],
  "Q189288": [
    -1.706388888,
    52.192777777
  ],
  "Q180918": [
    32.42651039,
    34.77612852
  ],
  "Q12508": [
    31.132778,
    29.976111
  ],
  "Q389416": [
    7.613611111,
    46.397777777
  ]
}