{
  "Q84": [
    51.507222222,
    -0.1275
  ],
  "Q1530": [
    33.35,
    44.416666666
  ],
  "Q64": [
    52.516666666,
    13.383333333
  ],
  "Q4707648": [
    52.566667,
    13.4
  ],
  "Q90": [
    48.856944444,
    2.351388888
  ],
  "Q1726": [
    48.137194444,
    11.5755
  ],
  "Q47554": [
    53.016666666,
    18.616666666
  ],
  "Q956": [
    39.905,
    116.391388888
  ],
  "Q1715": [
    52.374444444,
    9.738611111
  ],
  "Q25277": [
    19,
    -71
  ],
  "Q105261": [
    38.533,
    22.6167
  ],
  "Q7333847": [
    51.33,
    10.25
  ],
  "Q2079": [
    51.333333333,
    12.383333333
  ],
  "Q1419026": [
    48.980833333,
    2.058333333
  ],
  "Q22647": [
    39.9575,
    26.238888888
  ],
  "Q2634": [
    40.833333333,
    14.25
  ],
  "Q16869": [
    41.01224,
    28.976018
  ],
  "Q109773": [
    51.895555555,
    8.813611111
  ],
  "Q10305": [
    41.65,
    -0.883333333
  ],
  "Q48195": [
    30.488888888,
    47.81
  ],
  "Q18199480": [
    48.8522349,
    2.2527981
  ],
  "Q992311": [
    17.14028,
    -62.62583
  ],
  "Q1012780": [
    50.1825,
    8.46083
  ],
  "Q490": [
    45.466944444,
    9.19
  ],
  "Q2807": [
    40.418888888,
    -3.691944444
  ],
  "Q1741": [
    48.20833,
    16.373064
  ],
  "Q621": [
    48.804722222,
    2.134166666
  ],
  "Q3758": [
    49.444722222,
    7.768888888
  ],
  "Q244": [
    13.17,
    -59.5525
  ],
  "Q225909": [
    48.633333333,
    12.5
  ],
  "Q2256": [
    52.48,
    -1.9025
  ],
  "Q107338": [
    35.516666666,
    12.583333333
  ],
  "Q5753": [
    39.654166666,
    66.959722222
  ],
  "Q1754": [
    59.329444444,
    18.068611111
  ],
  "Q13666": [
    38.193611111,
    15.554166666
  ],
  "Q656": [
    59.95,
    30.316666666
  ],
  "Q22690": [
    49.119722222,
    6.176944444
  ],
  "Q1711": [
    52.4,
    13.066666666
  ],
  "Q2143048": [
    31.556536,
    35.105336
  ],
  "Q760": [
    13.883333,
    -61
  ],
  "Q181269": [
    48.429722222,
    0.091944444
  ],
  "Q81720": [
    51.1035,
    17.0396
  ],
  "Q1379299": [
    38.423889,
    27.142778
  ],
  "Q85": [
    30.056111111,
    31.239444444
  ],
  "Q727": [
    52.383333333,
    4.9
  ],
  "Q6602": [
    48.573333333,
    7.752222222
  ],
  "Q26824": [
    38,
    -8
  ],
  "Q60847808": [
    48.896388888,
    2.090555555
  ],
  "Q316891": [
    48.989722222,
    2.321944444
  ],
  "Q1126723": [
    41.893611111,
    12.4675
  ],
  "Q23482": [
    43.296666666,
    5.376388888
  ],
  "Q126668": [
    49.207222222,
    2.586666666
  ],
  "Q3947324": [
    44.888888888,
    8.760277777
  ],
  "Q42646": [
    51.4838,
    -0.60483
  ],
  "Q165090": [
    45.566388888,
    5.920833333
  ],
  "Q4100": [
    48.761944444,
    8.240833333
  ],
  "Q2894672": [
    50.668333333,
    4.413611111
  ],
  "Q210769": [
    44.136111111,
    0.339444444
  ],
  "Q28": [
    47,
    19
  ],
  "Q14112": [
    42.15,
    9.083333333
  ],
  "Q180773": [
    32.2,
    48.25
  ],
  "Q183150": [
    42.26666667,
    42
  ],
  "Q2749": [
    48.371666666,
    10.898333333
  ],
  "Q1720": [
    50,
    8.266666666
  ],
  "Q2090": [
    49.453888888,
    11.0775
  ],
  "Q163795": [
    50.359166666,
    3.525
  ],
  "Q597": [
    38.7452,
    -9.1604
  ],
  "Q2656": [
    38.115658,
    13.361262
  ],
  "Q262655": [
    52.133055555,
    10.778333333
  ],
  "Q36036": [
    49.841888888,
    24.0315
  ],
  "Q20127504": [
    48.4447,
    0.79694
  ],
  "Q426339": [
    40.836136,
    14.249283
  ],
  "Q1721184": [
    48.2747,
    16.355
  ],
  "Q1479": [
    44.837777777,
    -0.579444444
  ],
  "Q831377": [
    51.3809,
    -0.0306
  ],
  "Q1241308": [
    48.857111111,
    2.284136111
  ],
  "Q18102": [
    48.841388888,
    2.417777777
  ],
  "Q22636": [
    49.0375,
    7.946111111
  ],
  "Q365": [
    50.942222222,
    6.957777777
  ],
  "Q193478": [
    47.466666666,
    19.05
  ],
  "Q15979": [
    48.571111111,
    7.808888888
  ],
  "Q498540": [
    53.066666666,
    11.866666666
  ],
  "Q484858": [
    48.290555555,
    16.308611111
  ],
  "Q16967": [
    30.266666666,
    120.15
  ],
  "Q270": [
    52.216666666,
    21.033333333
  ],
  "Q214086": [
    46.2,
    6.15
  ],
  "Q653042": [
    46.601111111,
    5.853611111
  ],
  "Q71133": [
    51.166666666,
    12.916666666
  ],
  "Q1794": [
    50.113611111,
    8.679722222
  ],
  "Q803": [
    52.088888888,
    5.115555555
  ],
  "Q17127361": [
    51.68111111,
    11.23444444
  ],
  "Q24879": [
    53.076944444,
    8.808888888
  ],
  "Q39981": [
    44.9925,
    9.009166666
  ],
  "Q1055": [
    53.55,
    10
  ],
  "Q625078": [
    52.097222222,
    12.871111111
  ],
  "Q661868": [
    36.93333333,
    -3.33333333
  ],
  "Q27600": [
    59.938611111,
    30.256388888
  ],
  "Q1205": [
    51,
    11
  ],
  "Q22": [
    57,
    -5
  ],
  "Q211647": [
    43.807222222,
    4.643333333
  ],
  "Q165401": [
    47.705,
    9.195278
  ],
  "Q1012443": [
    49.58669,
    11.42246
  ],
  "Q1345": [
    39.952777777,
    -75.163611111
  ],
  "Q36600": [
    52.08,
    4.31
  ],
  "Q134674": [
    43.4925,
    -1.476388888
  ],
  "Q191": [
    59,
    26
  ],
  "Q214644": [
    50.75,
    15.583333
  ],
  "Q141012": [
    48.521944444,
    26.498333333
  ],
  "Q1028": [
    32,
    -6
  ],
  "Q42810": [
    49.494166666,
    0.108055555
  ],
  "Q384544": [
    50.230555555,
    12.8725
  ],
  "Q13670": [
    37.069166666,
    15.2875
  ],
  "Q45797": [
    51.037777777,
    2.376388888
  ],
  "Q184154": [
    48.072777777,
    -0.77
  ],
  "Q200441": [
    36.204722222,
    36.181666666
  ],
  "Q210205": [
    47.5,
    19.1
  ],
  "Q641": [
    45.439722222,
    12.331944444
  ],
  "Q826": [
    4.18,
    73.51
  ],
  "Q649": [
    55.755833333,
    37.617777777
  ],
  "Q2556149": [
    48.2297,
    16.3308
  ],
  "Q12898802": [
    37.6,
    22.2
  ],
  "Q170497": [
    51.864444444,
    -2.244444444
  ],
  "Q3572": [
    36.800833333,
    10.18
  ],
  "Q11925": [
    46.75,
    9.5
  ],
  "Q4345530": [
    45.5,
    10.5
  ],
  "Q42807": [
    43.836944444,
    4.36
  ],
  "Q170366": [
    31.320277777,
    48.669166666
  ],
  "Q256778": [
    48.2108,
    16.3481
  ],
  "Q30974": [
    49.443055555,
    1.1025
  ],
  "Q17151": [
    40.640277777,
    22.935555555
  ],
  "Q6259": [
    45.185280555,
    9.155
  ],
  "Q20": [
    65,
    11
  ],
  "Q217527": [
    45.434,
    12.338
  ],
  "Q41329": [
    48.3,
    14.283333333
  ],
  "Q156080": [
    49.938055555,
    17.904444444
  ],
  "Q39193": [
    49.833333333,
    14.333333333
  ],
  "Q5089": [
    30.1451,
    78.5974
  ],
  "Q1799": [
    51.11,
    17.0325
  ],
  "Q13950": [
    49.5,
    2.833333333
  ],
  "Q648": [
    50.631944444,
    3.0575
  ],
  "Q234735": [
    48.8075,
    2.240277777
  ],
  "Q17": [
    35,
    136
  ],
  "Q1127771": [
    39.7,
    26.85
  ],
  "Q207239": [
    36.2575,
    22.9975
  ],
  "Q12792": [
    44,
    5.166666666
  ],
  "Q11225429": [
    38.32388889,
    23.31722222
  ],
  "Q1524": [
    37.984166666,
    23.728055555
  ],
  "Q456": [
    45.758888888,
    4.841388888
  ],
  "Q393": [
    53.424722222,
    14.555277777
  ],
  "Q201428": [
    48.402222222,
    2.700555555
  ],
  "Q189288": [
    52.192777777,
    -1.706388888
  ],
  "Q180918": [
    34.77612852,
    32.42651039
  ],
  "Q12508": [
    29.976111,
    31.132778
  ],
  "Q220": [
    41.893055555,
    12.482777777
  ],
  "Q31487": [
    50.061388888,
    19.937222222
  ],
  "Q1748": [
    55.676111111,
    12.568888888
  ],
  "Q42053": [
    32.644722222,
    51.6675
  ],
  "Q208566": [
    38.856666666,
    24.564166666
  ],
  "Q1022117": [
    37.175,
    21.92
  ],
  "Q13498": [
    40.418055555,
    17.240833333
  ],
  "Q162615": [
    37.6,
    -0.981944444
  ],
  "Q1892445": [
    36.115,
    9.284444
  ],
  "Q15291": [
    47.05,
    8.466666666
  ],
  "Q389416": [
    46.397777777,
    7.613611111
  ],
  "Q697119": [
    48.2761,
    16.3333
  ],
  "Q556352": [
    51.986666666,
    9.263611111
  ]
}