{
  "Q84": [
    51.507222222,
    -0.1275
  ],
  "Q1530": [
    33.35,
    44.416666666
  ],
  "Q90": [
    48.856944444,
    2.351388888
  ],
  "Q105261": [
    38.533,
    22.6167
  ],
  "Q2079": [
    51.333333333,
    12.383333333
  ],
  "Q1419026": [
    48.980833333,
    2.058333333
  ],
  "Q22647": [
    39.9575,
    26.238888888
  ],
  "Q16869": [
    41.01224,
    28.976018
  ],
  "Q109773": [
    51.895555555,
    8.813611111
  ],
  "Q10305": [
    41.65,
    -0.883333333
  ],
  "Q48195": [
    30.488888888,
    47.81
  ],
  "Q18199480": [
    48.8522349,
    2.2527981
  ],
  "Q992311": [
    17.14028,
    -62.62583
  ],
  "Q64": [
    52.516666666,
    13.383333333
  ],
  "Q1741": [
    48.20833,
    16.373064
  ],
  "Q621": [
    48.804722222,
    2.134166666
  ],
  "Q3758": [
    49.444722222,
    7.768888888
  ],
  "Q244": [
    13.17,
    -59.5525
  ],
  "Q225909": [
    48.633333333,
    12.5
  ],
  "Q2256": [
    52.48,
    -1.9025
  ],
  "Q107338": [
    35.516666666,
    12.583333333
  ],
  "Q1754": [
    59.329444444,
    18.068611111
  ],
  "Q13666": [
    38.193611111,
    15.554166666
  ],
  "Q656": [
    59.95,
    30.316666666
  ],
  "Q2807": [
    40.418888888,
    -3.691944444
  ],
  "Q2143048": [
    31.556536,
    35.105336
  ],
  "Q1379299": [
    38.423889,
    27.142778
  ],
  "Q727": [
    52.383333333,
    4.9
  ],
  "Q6602": [
    48.573333333,
    7.752222222
  ],
  "Q26824": [
    38,
    -8
  ],
  "Q60847808": [
    48.896388888,
    2.090555555
  ],
  "Q316891": [
    48.989722222,
    2.321944444
  ],
  "Q1126723": [
    41.893611111,
    12.4675
  ],
  "Q23482": [
    43.296666666,
    5.376388888
  ],
  "Q126668": [
    49.207222222,
    2.586666666
  ],
  "Q3947324": [
    44.888888888,
    8.760277777
  ],
  "Q210769": [
    44.136111111,
    0.339444444
  ],
  "Q183150": [
    42.26666667,
    42
  ],
  "Q2749": [
    48.371666666,
    10.898333333
  ],
  "Q163795": [
    50.359166666,
    3.525
  ],
  "Q2090": [
    49.452777777,
    11.077777777
  ],
  "Q262655": [
    52.133055555,
    10.778333333
  ],
  "Q36036": [
    49.841888888,
    24.0315
  ],
  "Q20127504": [
    48.4447,
    0.79694
  ],
  "Q426339": [
    40.836136,
    14.249283
  ],
  "Q1721184": [
    48.2747,
    16.355
  ],
  "Q831377": [
    51.3809,
    -0.0306
  ],
  "Q803": [
    52.088888888,
    5.115555555
  ],
  "Q17127361": [
    51.68111111,
    11.23444444
  ],
  "Q24879": [
    53.076944444,
    8.808888888
  ],
  "Q39981": [
    44.9925,
    9.009166666
  ],
  "Q625078": [
    52.097222222,
    12.871111111
  ],
  "Q661868": [
    36.93333333,
    -3.33333333
  ],
  "Q27600": [
    59.938611111,
    30.256388888
  ],
  "Q1205": [
    51,
    11
  ],
  "Q22": [
    57,
    -5
  ],
  "Q1711": [
    52.4,
    13.066666666
  ],
  "Q211647": [
    43.807222222,
    4.643333333
  ],
  "Q165401": [
    47.705,
    9.195278
  ],
  "Q1012443": [
    49.58669,
    11.42246
  ],
  "Q1345": [
    39.952777777,
    -75.163611111
  ],
  "Q36600": [
    52.08,
    4.31
  ],
  "Q134674": [
    43.4925,
    -1.476388888
  ],
  "Q191": [
    59,
    26
  ],
  "Q214644": [
    50.75,
    15.583333
  ],
  "Q141012": [
    48.521944444,
    26.498333333
  ],
  "Q1028": [
    32,
    -6
  ],
  "Q13670": [
    37.069166666,
    15.2875
  ],
  "Q490": [
    45.466944444,
    9.19
  ],
  "Q200441": [
    36.204722222,
    36.181666666
  ],
  "Q597": [
    38.7452,
    -9.1604
  ],
  "Q210205": [
    47.5,
    19.1
  ],
  "Q1055": [
    53.55,
    10
  ],
  "Q826": [
    4.18,
    73.51
  ],
  "Q760": [
    13.883333,
    -61
  ],
  "Q649": [
    55.755833333,
    37.617777777
  ],
  "Q2556149": [
    48.2297,
    16.3308
  ],
  "Q170366": [
    31.320277777,
    48.669166666
  ],
  "Q256778": [
    48.2108,
    16.3481
  ],
  "Q17151": [
    40.633333333,
    22.95
  ],
  "Q6259": [
    45.185280555,
    9.155
  ],
  "Q20": [
    65,
    11
  ],
  "Q156080": [
    49.938055555,
    17.904444444
  ],
  "Q39193": [
    49.833333333,
    14.333333333
  ],
  "Q641": [
    45.439722222,
    12.331944444
  ],
  "Q81720": [
    51.1035,
    17.0396
  ],
  "Q1799": [
    51.11,
    17.0325
  ],
  "Q648": [
    50.631944444,
    3.0575
  ],
  "Q234735": [
    48.8075,
    2.240277777
  ],
  "Q17": [
    35,
    136
  ],
  "Q1127771": [
    39.7,
    26.85
  ],
  "Q393": [
    53.424722222,
    14.555277777
  ],
  "Q201428": [
    48.402222222,
    2.700555555
  ],
  "Q189288": [
    52.192777777,
    -1.706388888
  ],
  "Q180918": [
    34.77612852,
    32.42651039
  ],
  "Q12508": [
    29.976111,
    31.132778
  ],
  "Q389416": [
    46.397777777,
    7.613611111
  ]
}